{
  "LIVER": {
    "lightgbm": 0.7664948819941133,
    "xgboost": 0.7638529116653536
  },
  "KIDNEY": {
    "lightgbm": 0.8570129292294808,
    "xgboost": 0.8616624096423628
  },
  "HEART": {
    "lightgbm": 0.7789837820687171,
    "xgboost": 0.7761047438056152
  },
  "BRAIN": {
    "lightgbm": 0.7849078758237935,
    "xgboost": 0.7871403739066434
  },
  "LUNG": {
    "lightgbm": 0.8132748292858993,
    "xgboost": 0.8148997926427095
  }
}